{"count":1,"self":24.485044799999997,"total":48.204589,"children":{"InitializeActuators":{"count":866,"self":0.016267,"total":0.016267,"children":null},"InitializeSensors":{"count":866,"self":0.050754,"total":0.050754,"children":null},"AgentSendState":{"count":14013,"self":5.7090939999999994,"total":7.4615019999999994,"children":{"UpdateModelSpacePoses":{"count":70928,"self":0.477977,"total":0.477977,"children":null},"UpdateLocalSpacePoses":{"count":70928,"self":0.320695,"total":0.320695,"children":null},"CollectObservations":{"count":70928,"self":0.27764099999999997,"total":0.27764099999999997,"children":null},"WriteActionMask":{"count":70928,"self":0.23821399999999998,"total":0.23821399999999998,"children":null},"RequestDecision":{"count":70928,"self":0.43788099999999996,"total":0.43788099999999996,"children":null}}},"DecideAction":{"count":14013,"self":14.3472464,"total":15.131354,"children":{"RayPerceptionSensor.Perceive":{"count":70928,"self":0.78410799999999992,"total":0.78410799999999992,"children":null}}},"AgentAct":{"count":14013,"self":1.0194729999999999,"total":1.0194729999999999,"children":null},"UpdateModelSpacePoses":{"count":2425,"self":0.027739999999999997,"total":0.027739999999999997,"children":null},"UpdateLocalSpacePoses":{"count":2425,"self":0.011628,"total":0.011628,"children":null}},"gauges":{"DungeonEscape.CumulativeReward":{"count":1582,"max":0,"min":0,"runningAverage":0,"value":0,"weightedAverage":0}},"metadata":{"timer_format_version":"0.1.0","start_time_seconds":"1754308785","unity_version":"6000.0.40f1","command_line_arguments":"\/home\/trackingsystem\/Unity\/Hub\/Editor\/6000.0.40f1\/Editor\/Unity -projectpath \/home\/trackingsystem\/Ilyes\/Epuck-POCA-Unity -useHub -hubIPC -cloudEnvironment production","communication_protocol_version":"1.5.0","com.unity.ml-agents_version":"3.0.0","scene_name":"DungeonEscape","end_time_seconds":"1754308833"}}